{"Logistic Regression": {"accuracy": 0.8425, "precision": 0.8435374149659864, "recall": 0.7560975609756098, "f1": 0.797427652733119, "roc_auc": 0.9384042992972301}, "Random Forest Classifier": {"accuracy": 0.9975, "precision": 0.9939393939393939, "recall": 1.0, "f1": 0.9969604863221885, "roc_auc": 0.9999612443158329}, "XGBoost Classifier": {"accuracy": 0.9875, "precision": 0.9818181818181818, "recall": 0.9878048780487805, "f1": 0.9848024316109423, "roc_auc": 0.999844977263332}}