{"Linear Regression": {"rmse": 2.8437070765825665e-13, "mae": 1.7568169141668478e-13, "r2": 1.0}, "Random Forest Regressor": {"rmse": 9.29542837106632, "mae": 1.688850408360022, "r2": 0.9996732253369568}, "XGBoost Regressor": {"rmse": 13.805151262574713, "mae": 5.2344042215859785, "r2": 0.9992792379740255}}